{"lastScene":"Demo-1","lastPos":{"x":10.354986190795899,"y":-0.21332068741321565}}